Street,City,State,Postal Code
  1580 St. John Street,  Avonlea,   Saskatchewan,  S4P 3Y2
  2218 De la Providence Avenue,  Hull,   Quebec,  J8X 1N5
  2522 Brew Creek Rd,  Bowen Island,   British Columbia,  V0N 1G0
  705 Lake City Way,  Burnaby,   British Columbia,  V5A 2Z6
  2378 Port Washington Road,  High River,   Alberta,  T0L 1B0
  2862 rue Ellice,  Joliette,   Quebec,  J6E 7X1
  1913 Glover Road,  Surrey,   British Columbia,  V3T 1Y8
  2197 Mesa Vista Drive,  Gold Bridge,   British Columbia,  V0K 1P0
  94 Rose Street,  Regina,   Saskatchewan,  S4P 3Y2
  1270 Halsey Avenue,  Toronto,   Ontario,  M3B 2W6
  2441 47th Avenue,  Carmacks,   Yukon,  Y0B 1C0
  4907 Nelson Street,  Wawa,   Ontario,  P0S 1K0
  2993 Saskatchewan Dr,  Quebec,   Quebec,  S4P 3Y2
  4691 Embro St,  Hickson,   Ontario,  N0J 1L0
  1370 Joseph St,  Kitchener,   Ontario,  N2C 1A7
  2539 St Jean Baptiste St,  Desbiens,   Quebec,  G0W 1N0
  4808 Bay Street,  Toronto,   Ontario,  M5J 2R8
  4574 rue de la Gauchetière,  Montreal,   Quebec,  H3B 2M3
  2003 Brant Ave,  Chipewyan Lake,   Alberta,  T1T 1T1
  550 Islington Ave,  Toronto,   Ontario,  M9V 2X5
  1580 St. John Street,  Avonlea,   Saskatchewan,  S4P 3Y2
  2218 De la Providence Avenue,  Hull,   Quebec,  J8X 1N5
  2522 Brew Creek Rd,  Bowen Island,   British Columbia,  V0N 1G0
  705 Lake City Way,  Burnaby,   British Columbia,  V5A 2Z6
  2378 Port Washington Road,  High River,   Alberta,  T0L 1B0
  2862 rue Ellice,  Joliette,   Quebec,  J6E 7X1
  1913 Glover Road,  Surrey,   British Columbia,  V3T 1Y8
  2197 Mesa Vista Drive,  Gold Bridge,   British Columbia,  V0K 1P0
  94 Rose Street,  Regina,   Saskatchewan,  S4P 3Y2
  1270 Halsey Avenue,  Toronto,   Ontario,  M3B 2W6
  2441 47th Avenue,  Carmacks,   Yukon,  Y0B 1C0
  4907 Nelson Street,  Wawa,   Ontario,  P0S 1K0
  2993 Saskatchewan Dr,  Quebec,   Quebec,  S4P 3Y2
  4691 Embro St,  Hickson,   Ontario,  N0J 1L0
  1370 Joseph St,  Kitchener,   Ontario,  N2C 1A7
  2539 St Jean Baptiste St,  Desbiens,   Quebec,  G0W 1N0
  4808 Bay Street,  Toronto,   Ontario,  M5J 2R8
  4574 rue de la Gauchetière,  Montreal,   Quebec,  H3B 2M3
  2003 Brant Ave,  Chipewyan Lake,   Alberta,  T1T 1T1
  550 Islington Ave,  Toronto,   Ontario,  M9V 2X5
  1580 St. John Street,  Avonlea,   Saskatchewan,  S4P 3Y2
  2218 De la Providence Avenue,  Hull,   Quebec,  J8X 1N5
  2522 Brew Creek Rd,  Bowen Island,   British Columbia,  V0N 1G0
  705 Lake City Way,  Burnaby,   British Columbia,  V5A 2Z6
  2378 Port Washington Road,  High River,   Alberta,  T0L 1B0
  2862 rue Ellice,  Joliette,   Quebec,  J6E 7X1
  1913 Glover Road,  Surrey,   British Columbia,  V3T 1Y8
  2197 Mesa Vista Drive,  Gold Bridge,   British Columbia,  V0K 1P0
  94 Rose Street,  Regina,   Saskatchewan,  S4P 3Y2
  1270 Halsey Avenue,  Toronto,   Ontario,  M3B 2W6
  2441 47th Avenue,  Carmacks,   Yukon,  Y0B 1C0
  4907 Nelson Street,  Wawa,   Ontario,  P0S 1K0
  2993 Saskatchewan Dr,  Quebec,   Quebec,  S4P 3Y2
  4691 Embro St,  Hickson,   Ontario,  N0J 1L0
  1370 Joseph St,  Kitchener,   Ontario,  N2C 1A7
  2539 St Jean Baptiste St,  Desbiens,   Quebec,  G0W 1N0
  4808 Bay Street,  Toronto,   Ontario,  M5J 2R8
  4574 rue de la Gauchetière,  Montreal,   Quebec,  H3B 2M3
  2003 Brant Ave,  Chipewyan Lake,   Alberta,  T1T 1T1
  550 Islington Ave,  Toronto,   Ontario,  M9V 2X5
  1580 St. John Street,  Avonlea,   Saskatchewan,  S4P 3Y2
  2218 De la Providence Avenue,  Hull,   Quebec,  J8X 1N5
  2522 Brew Creek Rd,  Bowen Island,   British Columbia,  V0N 1G0
  705 Lake City Way,  Burnaby,   British Columbia,  V5A 2Z6
  2378 Port Washington Road,  High River,   Alberta,  T0L 1B0
  2862 rue Ellice,  Joliette,   Quebec,  J6E 7X1
  1913 Glover Road,  Surrey,   British Columbia,  V3T 1Y8
  2197 Mesa Vista Drive,  Gold Bridge,   British Columbia,  V0K 1P0
  94 Rose Street,  Regina,   Saskatchewan,  S4P 3Y2
  1270 Halsey Avenue,  Toronto,   Ontario,  M3B 2W6
  2441 47th Avenue,  Carmacks,   Yukon,  Y0B 1C0
  4907 Nelson Street,  Wawa,   Ontario,  P0S 1K0
  2993 Saskatchewan Dr,  Quebec,   Quebec,  S4P 3Y2
  4691 Embro St,  Hickson,   Ontario,  N0J 1L0
  1370 Joseph St,  Kitchener,   Ontario,  N2C 1A7
  2539 St Jean Baptiste St,  Desbiens,   Quebec,  G0W 1N0
  4808 Bay Street,  Toronto,   Ontario,  M5J 2R8
  4574 rue de la Gauchetière,  Montreal,   Quebec,  H3B 2M3
  2003 Brant Ave,  Chipewyan Lake,   Alberta,  T1T 1T1
  550 Islington Ave,  Toronto,   Ontario,  M9V 2X5
  1580 St. John Street,  Avonlea,   Saskatchewan,  S4P 3Y2
  2218 De la Providence Avenue,  Hull,   Quebec,  J8X 1N5
  2522 Brew Creek Rd,  Bowen Island,   British Columbia,  V0N 1G0
  705 Lake City Way,  Burnaby,   British Columbia,  V5A 2Z6
  2378 Port Washington Road,  High River,   Alberta,  T0L 1B0
  2862 rue Ellice,  Joliette,   Quebec,  J6E 7X1
  1913 Glover Road,  Surrey,   British Columbia,  V3T 1Y8
  2197 Mesa Vista Drive,  Gold Bridge,   British Columbia,  V0K 1P0
  94 Rose Street,  Regina,   Saskatchewan,  S4P 3Y2
  1270 Halsey Avenue,  Toronto,   Ontario,  M3B 2W6
  2441 47th Avenue,  Carmacks,   Yukon,  Y0B 1C0
  4907 Nelson Street,  Wawa,   Ontario,  P0S 1K0
  2993 Saskatchewan Dr,  Quebec,   Quebec,  S4P 3Y2
  4691 Embro St,  Hickson,   Ontario,  N0J 1L0
  1370 Joseph St,  Kitchener,   Ontario,  N2C 1A7
  2539 St Jean Baptiste St,  Desbiens,   Quebec,  G0W 1N0
  4808 Bay Street,  Toronto,   Ontario,  M5J 2R8
  4574 rue de la Gauchetière,  Montreal,   Quebec,  H3B 2M3
  2003 Brant Ave,  Chipewyan Lake,   Alberta,  T1T 1T1
  550 Islington Ave,  Toronto,   Ontario,  M9V 2X5
